{"cameraMode":{"drawMode":0,"name":"Shaded","section":"Shading Mode"},"sceneLighting":false,"audioPlay":false,"sceneViewState":{"showFog":true,"showMaterialUpdate":false,"showSkybox":false,"showFlares":true,"showImageEffects":true,"showParticleSystems":true},"in2DMode":false,"pivot":{"x":-1.6522703170776368,"y":-0.18848365545272828,"z":0.5336570739746094},"rotation":{"x":-0.010033679194748402,"y":0.9521195292472839,"z":-0.03143136203289032,"w":-0.30394041538238528},"size":2.8578836917877199,"orthographic":false}